Employee_ID,Shift_Date,Punch_In,Punch_Out
EMP010,2026-07-07,08:32:45,18:16:20
EMP059,2026-07-22,09:14:33,18:51:33
EMP051,2026-07-16,08:58:22,18:17:53
EMP021,2026-07-03,08:36:49,18:35:10
EMP038,2026-07-03,09:11:47,17:25:42
EMP015,2026-07-27,08:25:43,18:05:40
EMP014,2026-07-29,08:57:18,18:43:32
EMP032,2026-07-30,08:52:35,18:02:25
EMP009,2026-07-06,08:19:29,17:13:34
EMP018,2026-07-07,09:01:19,17:04:40
EMP017,2026-07-20,08:02:11,17:07:42
EMP047,2026-07-23,08:22:26,16:48:57
EMP053,2026-07-30,08:40:58,
EMP030,2026-07-22,08:37:03,17:42:45
EMP052,2026-07-13,08:50:32,16:38:44
EMP022,2026-07-07,09:12:59,17:03:36
EMP046,2026-07-06,08:15:43,17:42:30
EMP043,2026-07-21,08:36:35,18:34:08
EMP007,2026-07-29,08:14:17,17:33:30
EMP049,2026-07-08,09:14:26,16:52:02
EMP057,2026-07-03,09:04:31,18:55:19
EMP026,2026-07-17,08:58:41,17:09:35
EMP018,2026-07-13,09:24:07,19:02:44
EMP003,2026-07-21,08:36:18,16:12:51
EMP024,2026-07-15,08:03:16,15:59:27
EMP047,2026-07-29,09:13:41,
EMP005,2026-07-14,08:39:14,18:18:11
EMP033,2026-07-19,08:31:38,17:17:48
EMP010,2026-07-22,08:39:31,18:08:00
EMP018,15-07-2026,08:04:27,15:43:08
EMP013,2026-07-16,08:18:21,
EMP025,2026-07-25,08:11:41,17:56:22
EMP032,2026-07-02,08:48:34,17:52:34
EMP022,2026-07-27,08:51:32,17:24:41
EMP010,2026-07-29,09:15:09,17:06:50
EMP028,2026-07-15,08:27:47,17:55:01
EMP022,2026-07-14,09:05:00,18:35:43
EMP022,2026-07-10,08:02:54,17:33:49
EMP027,2026-07-20,09:00:22,18:16:58
EMP025,2026-07-10,08:10:15,15:42:40
EMP059,2026-07-28,08:14:58,17:21:00
EMP028,2026-07-20,08:47:45,17:53:43
EMP025,2026-07-20,08:34:47,
EMP051,2026-07-27,08:32:00,18:21:08
EMP034,2026-07-28,08:23:03,17:14:54
EMP055,2026-07-01,08:45:35,17:47:39
EMP017,2026-07-13,09:29:14,18:01:48
EMP012,2026-07-01,08:49:38,16:24:16
EMP033,2026-07-06,08:45:00,16:55:36
EMP046,2026-07-24,08:03:43,15:42:32
EMP048,2026-07-24,08:27:25,17:25:54
EMP008,24-07-2026,08:57:04,17:28:45
EMP025,2026-07-28,08:11:52,15:48:27
EMP015,2026-07-21,08:09:09,17:58:57
EMP026,2026-07-01,09:11:00,16:51:57
EMP042,2026-07-13,08:28:19,16:40:54
EMP003,2026-07-10,08:36:38,16:12:02
EMP003,2026-07-03,08:17:07,17:59:55
EMP005,2026-07-30,08:06:11,15:48:22
EMP002,2026-07-23,08:57:36,16:41:05
EMP016,2026-07-02,08:04:33,16:42:25
EMP008,2026-07-28,08:31:44,16:25:11
EMP040,2026-07-15,08:00:54,16:31:38
EMP037,2026-07-23,08:24:42,17:23:47
EMP058,2026-07-17,09:10:21,18:08:05
EMP057,2026-07-30,08:51:25,18:49:13
EMP003,2026-07-26,08:41:00,18:21:23
EMP004,2026-07-25,08:20:03,16:26:13
EMP030,2026-07-05,09:20:41,18:32:48
EMP008,2026-07-22,09:14:35,17:56:01
EMP051,2026-07-13,08:28:09,16:17:35
EMP047,2026-07-27,09:28:31,18:01:42
EMP055,2026-07-03,08:28:45,
EMP032,2026-07-15,08:48:54,16:29:35
EMP039,23-07-2026,08:07:51,16:45:46
EMP024,30-07-2026,08:20:23,16:38:36
EMP033,2026-07-09,08:50:55,18:35:04
EMP005,2026-07-04,08:08:57,17:03:37
EMP034,2026-07-10,08:32:53,18:06:51
EMP050,2026-07-24,08:00:15,17:48:15
EMP016,2026-07-01,09:19:25,17:16:05
EMP036,2026-07-27,08:21:31,18:20:38
EMP022,2026-07-09,08:13:00,17:27:36
EMP020,2026-07-09,08:47:24,18:26:18
EMP036,2026-07-08,08:36:44,
EMP050,2026-07-23,09:26:31,18:10:00
EMP053,2026-07-28,08:54:24,16:59:57
EMP020,30-07-2026,09:17:22,18:13:57
EMP011,2026-07-10,08:07:45,17:36:56
EMP012,2026-07-14,09:25:14,18:45:28
EMP024,2026-07-03,08:29:59,18:06:02
EMP024,2026-07-01,09:09:00,17:11:38
EMP012,2026-07-27,08:59:15,17:22:16
EMP014,2026-07-03,09:19:00,17:02:38
EMP009,2026-07-30,08:25:31,17:47:09
EMP024,2026-07-07,08:59:50,18:40:39
EMP013,2026-07-10,08:37:39,
EMP039,2026-07-28,09:11:10,16:44:14
EMP008,2026-07-09,09:07:08,17:05:27
EMP013,2026-07-24,08:52:32,16:38:38
EMP028,2026-07-26,08:03:49,16:56:27
EMP005,2026-07-24,08:34:54,17:17:41
EMP011,2026-07-29,08:14:12,16:06:25
EMP015,2026-07-22,09:28:02,18:48:12
EMP048,2026-07-03,09:11:14,18:46:05
EMP008,2026-07-23,08:29:33,16:33:22
EMP039,2026-07-06,08:03:50,16:59:59
EMP025,2026-07-14,08:54:58,18:00:43
EMP038,2026-07-02,08:26:07,15:58:57
EMP031,2026-07-14,09:10:59,19:02:13
EMP053,2026-07-29,09:27:35,19:12:54
EMP048,2026-07-23,08:42:10,18:09:02
EMP046,2026-07-17,08:37:16,16:29:01
EMP045,2026-07-24,09:07:46,18:17:19
EMP041,2026-07-17,08:58:44,16:39:34
EMP030,2026-07-23,09:17:32,19:12:37
EMP011,2026-07-03,08:04:14,16:28:50
EMP011,17-07-2026,09:14:43,16:49:35
EMP050,2026-07-27,08:05:54,17:45:48
EMP025,2026-07-01,08:31:04,16:54:49
EMP020,2026-07-29,08:18:34,18:07:35
EMP014,2026-07-17,08:31:06,16:34:46
EMP021,2026-07-06,08:22:46,16:01:03
EMP039,2026-07-26,09:13:04,17:22:19
EMP007,2026-07-10,08:59:58,
EMP010,2026-07-21,09:24:23,18:23:27
EMP034,13-07-2026,08:24:36,17:05:07
EMP016,2026-07-13,08:55:13,18:33:04
EMP004,2026-07-10,08:13:35,17:32:26
EMP014,2026-07-16,08:06:03,15:42:39
EMP045,2026-07-01,08:00:43,16:25:03
EMP004,2026-07-21,09:14:27,18:59:24
EMP028,29-07-2026,08:14:47,16:01:14
EMP057,2026-07-28,09:12:19,18:24:32
EMP026,2026-07-25,08:50:34,16:35:38
EMP044,2026-07-08,08:21:20,16:19:22
EMP002,2026-07-07,08:24:01,18:18:04
EMP040,2026-07-10,08:50:31,18:14:55
EMP060,2026-07-29,09:22:14,19:18:42
EMP035,2026-07-13,08:04:50,15:50:23
EMP049,2026-07-17,09:22:53,18:05:35
EMP027,2026-07-28,09:10:43,17:47:10
EMP060,2026-07-07,08:56:39,16:43:52
EMP003,28-07-2026,08:07:14,16:14:38
EMP001,05-07-2026,08:30:42,16:34:55
EMP033,03-07-2026,08:35:27,16:50:41
EMP033,2026-07-22,08:37:03,17:27:19
EMP004,2026-07-24,08:24:16,16:06:55
EMP018,2026-07-03,08:17:27,17:44:53
EMP039,2026-07-02,08:11:24,16:05:47
EMP050,2026-07-28,08:29:37,18:05:05
EMP028,2026-07-27,09:14:30,
EMP016,2026-07-28,08:05:20,15:49:59
EMP007,2026-07-24,08:19:31,16:08:39
EMP049,2026-07-18,08:45:22,17:52:16
EMP004,2026-07-28,09:19:11,18:38:37
EMP016,2026-07-17,08:08:25,16:53:18
EMP029,2026-07-28,09:17:53,16:59:45
EMP001,2026-07-17,08:06:37,17:18:42
EMP060,06-07-2026,08:26:23,17:11:06
EMP031,04-07-2026,08:47:59,18:18:02
EMP015,2026-07-15,09:21:24,17:08:06
EMP054,2026-07-30,08:22:00,17:29:18
EMP039,2026-07-21,09:20:11,17:41:58
EMP022,2026-07-03,09:06:09,18:47:29
EMP035,2026-07-24,08:43:35,17:04:50
EMP046,2026-07-08,08:50:58,17:12:36
EMP031,2026-07-07,09:06:20,17:17:40
EMP004,2026-07-02,08:12:00,17:37:47
EMP055,2026-07-22,08:03:29,15:53:51
EMP023,2026-07-15,08:27:04,17:55:23
EMP041,2026-07-01,08:42:25,16:57:45
EMP034,2026-07-02,09:09:19,18:30:47
EMP054,2026-07-22,09:05:55,17:51:45
EMP004,2026-07-22,08:52:06,16:32:35
EMP049,2026-07-10,08:14:17,17:37:39
EMP014,2026-07-01,09:09:33,18:03:40
EMP028,2026-07-21,08:43:16,17:32:34
EMP049,2026-07-30,08:15:20,16:03:56
EMP037,2026-07-11,09:10:57,18:22:52
EMP033,2026-07-01,08:04:39,17:32:46
EMP025,2026-07-18,09:02:40,18:57:35
EMP034,2026-07-23,08:33:04,16:37:50
EMP021,2026-07-28,08:36:09,16:54:22
EMP039,2026-07-29,08:01:40,16:15:44
EMP037,2026-07-08,09:14:21,18:18:55
EMP054,2026-07-24,08:05:10,15:48:57
EMP007,2026-07-28,08:07:52,
EMP043,2026-07-09,09:14:05,17:49:01
EMP005,29-07-2026,08:19:01,17:04:23
EMP032,2026-07-13,09:21:20,17:40:53
EMP059,2026-07-20,09:04:58,17:36:08
EMP006,2026-07-28,09:14:40,18:13:36
EMP029,2026-07-29,09:27:44,18:34:32
EMP034,2026-07-16,08:43:09,18:39:11
EMP013,2026-07-27,08:01:53,16:10:54
EMP045,2026-07-23,09:23:33,19:17:54
EMP030,2026-07-28,08:40:05,17:58:05
EMP048,2026-07-14,09:11:22,17:54:33
EMP028,2026-07-25,09:09:03,18:02:19
EMP021,2026-07-07,08:48:22,17:07:34
EMP046,2026-07-22,08:43:41,16:47:22
EMP005,2026-07-23,08:27:27,16:58:05
EMP020,2026-07-07,09:04:26,18:01:20
EMP030,2026-07-01,08:58:07,18:54:03
EMP028,2026-07-10,08:35:27,16:49:56
EMP042,2026-07-05,08:46:48,17:02:37
EMP011,2026-07-09,08:40:35,18:05:07
EMP021,2026-07-20,08:18:36,17:51:24
EMP057,2026-07-17,09:14:38,16:50:00
EMP024,2026-07-24,08:38:29,16:42:20
EMP018,2026-07-16,09:28:13,18:09:36
EMP041,2026-07-20,08:33:52,17:06:01
EMP053,2026-07-10,09:04:36,18:38:50
EMP045,06-07-2026,08:10:49,17:27:02
EMP003,2026-07-23,09:09:57,17:47:44
EMP020,2026-07-15,09:17:22,17:46:37
EMP039,2026-07-03,09:16:36,19:10:20
EMP027,2026-07-30,08:17:35,18:05:53
EMP034,2026-07-14,08:00:32,17:20:49
EMP018,2026-07-09,08:46:17,17:47:36
EMP032,2026-07-07,08:37:46,18:34:15
EMP032,2026-07-21,08:33:30,16:51:02
EMP047,2026-07-30,08:02:45,15:59:02
EMP056,30-07-2026,09:16:48,16:58:27
EMP003,2026-07-15,08:06:14,16:19:11
EMP046,2026-07-14,09:05:14,18:00:57
EMP041,2026-07-21,08:11:23,17:52:49
EMP019,2026-07-07,09:04:52,17:09:32
EMP051,2026-07-29,09:23:14,17:16:56
EMP015,09-07-2026,09:20:02,17:22:35
EMP058,2026-07-28,09:09:52,16:49:51
EMP019,2026-07-28,09:00:36,19:00:07
EMP049,2026-07-23,08:24:15,16:41:40
EMP044,2026-07-12,08:14:19,16:46:57
EMP054,2026-07-17,08:58:52,17:15:33
EMP054,2026-07-13,08:55:37,16:40:20
EMP033,2026-07-23,08:58:02,17:24:08
EMP052,23-07-2026,09:27:49,19:23:18
EMP045,2026-07-14,08:45:02,17:44:14
EMP056,2026-07-21,08:11:49,16:21:29
EMP032,2026-07-20,09:01:43,17:22:23
EMP026,2026-07-03,08:16:02,16:11:19
EMP011,26-07-2026,08:02:58,17:14:22
EMP002,29-07-2026,09:24:04,
EMP060,2026-07-17,08:45:56,17:45:47
EMP001,2026-07-30,08:42:41,18:18:43
EMP039,2026-07-14,08:56:07,18:21:50
EMP025,2026-07-07,08:48:31,16:33:12
EMP025,19-07-2026,08:04:42,17:54:27
EMP056,2026-07-25,09:18:17,17:18:50
EMP030,2026-07-04,09:27:03,17:14:51
EMP041,2026-07-30,08:28:41,17:11:39
EMP010,2026-07-12,09:06:24,18:10:38
EMP003,2026-07-20,08:57:59,17:17:48
EMP039,22-07-2026,08:07:03,16:04:48
EMP035,2026-07-14,09:22:32,17:49:26
EMP036,2026-07-09,08:18:41,17:16:24
EMP037,2026-07-27,08:22:16,16:37:32
EMP049,2026-07-01,08:35:11,16:19:36
EMP060,2026-07-28,08:17:44,17:35:35
EMP058,2026-07-29,08:45:25,
EMP009,2026-07-13,08:04:37,17:57:51
EMP056,2026-07-10,08:49:08,18:22:19
EMP024,2026-07-26,08:48:22,17:29:56
EMP043,2026-07-27,08:28:47,17:10:14
EMP041,13-07-2026,08:42:08,18:36:35
EMP008,2026-07-07,08:57:45,16:56:16
EMP015,2026-07-10,08:05:32,
EMP044,2026-07-05,09:27:01,18:37:45
EMP050,2026-07-13,08:39:26,16:09:29
EMP010,2026-07-23,08:11:58,16:17:07
EMP042,2026-07-24,09:27:52,16:59:50
EMP002,2026-07-15,08:29:20,16:53:47
EMP008,2026-07-01,09:09:15,18:55:57
EMP054,2026-07-23,09:21:59,19:10:59
EMP015,2026-07-30,08:56:23,18:17:36
EMP006,2026-07-27,08:51:07,16:30:49
EMP034,2026-07-07,09:03:47,18:49:54
EMP005,2026-07-27,08:09:09,
EMP046,2026-07-09,08:31:04,16:22:14
EMP059,2026-07-21,09:21:53,18:20:13
EMP030,2026-07-20,08:03:18,17:01:11
EMP019,2026-07-16,09:07:11,16:43:20
EMP056,2026-07-02,09:06:25,18:56:48
EMP009,10-07-2026,08:19:37,16:55:32
EMP009,2026-07-26,08:40:44,
EMP037,2026-07-16,08:00:17,16:55:04
EMP026,2026-07-16,08:03:25,18:00:06
EMP002,2026-07-17,08:51:57,16:59:23
EMP007,2026-07-21,08:24:37,17:03:40
EMP054,2026-07-21,08:47:29,16:51:17
EMP003,2026-07-14,08:41:36,16:59:49
EMP012,2026-07-07,08:21:04,15:51:35
EMP010,10-07-2026,08:20:38,17:06:47
EMP019,2026-07-21,08:12:54,16:05:08
EMP043,2026-07-19,08:20:06,17:35:34
EMP049,2026-07-16,08:06:56,16:18:15
EMP039,2026-07-10,09:29:46,
EMP015,2026-07-20,09:08:38,17:01:58
EMP011,2026-07-27,09:11:44,17:50:17
EMP059,2026-07-27,08:08:04,16:07:29
EMP044,2026-07-28,08:16:06,17:06:59
EMP013,2026-07-30,09:03:50,17:29:21
EMP007,2026-07-01,09:29:35,18:59:18
EMP022,2026-07-24,08:44:12,17:48:44
EMP033,2026-07-18,08:16:33,16:31:05
EMP057,2026-07-29,09:27:17,17:25:09
EMP019,2026-07-24,09:22:31,17:45:27
EMP025,2026-07-02,09:22:15,19:13:18
EMP030,2026-07-19,09:15:59,17:30:41
EMP038,2026-07-23,08:33:53,16:15:48
EMP011,2026-07-07,08:43:04,16:45:20
EMP050,2026-07-02,09:00:38,17:32:33
EMP037,2026-07-24,08:20:38,17:57:04
EMP052,2026-07-08,08:01:10,17:38:27
EMP051,24-07-2026,09:05:29,18:23:19
EMP045,2026-07-03,09:02:44,16:37:50
EMP017,2026-07-14,09:21:18,18:00:54
EMP028,2026-07-03,08:20:57,
EMP026,2026-07-24,09:03:03,17:52:38
EMP022,2026-07-17,08:15:40,17:53:56
EMP035,2026-07-06,08:57:48,17:27:00
EMP041,2026-07-28,08:13:02,17:19:56
EMP041,14-07-2026,08:08:55,
EMP007,2026-07-14,09:25:54,17:20:14
EMP042,2026-07-07,08:45:29,18:33:07
EMP017,2026-07-19,08:21:24,17:55:57
EMP024,2026-07-29,09:03:43,18:45:39
EMP010,2026-07-28,08:53:59,18:11:15
EMP032,2026-07-14,08:10:22,16:51:06
EMP021,2026-07-15,08:50:26,16:34:52
EMP036,2026-07-29,08:56:13,17:45:38
EMP044,2026-07-24,08:45:08,17:55:02
EMP004,12-07-2026,08:31:54,18:04:14
EMP035,08-07-2026,08:01:11,17:18:22
EMP017,2026-07-23,08:59:17,16:42:57
EMP050,2026-07-10,08:03:20,16:34:28
EMP021,2026-07-11,08:35:07,18:31:57
EMP014,2026-07-13,08:46:17,17:49:17
EMP054,2026-07-28,09:10:12,18:12:09
EMP051,2026-07-28,08:14:32,16:44:15
EMP035,2026-07-10,08:07:59,17:26:05
EMP056,2026-07-11,09:11:27,19:01:39
EMP002,28-07-2026,08:55:48,17:39:49
EMP045,2026-07-29,09:29:42,18:28:21
EMP020,2026-07-25,09:24:23,17:34:26
EMP023,2026-07-22,08:55:20,16:33:33
EMP037,2026-07-02,08:53:01,16:54:15
EMP044,2026-07-20,08:07:05,16:56:48
EMP029,2026-07-08,09:03:04,18:34:01
EMP060,2026-07-13,08:16:01,16:14:53
EMP009,2026-07-01,08:41:26,17:55:20
EMP060,2026-07-09,08:37:35,16:11:38
EMP031,2026-07-15,08:48:39,18:26:53
EMP008,2026-07-14,09:27:54,19:15:13
EMP033,08-07-2026,08:50:00,16:28:16
EMP060,2026-07-24,09:23:05,17:43:35
EMP029,2026-07-23,08:08:54,18:03:07
EMP025,2026-07-23,08:51:19,17:58:09
EMP004,2026-07-15,09:20:40,18:16:45
EMP022,2026-07-29,09:26:17,18:57:06
EMP037,2026-07-29,08:24:01,17:53:19
EMP019,2026-07-06,09:20:29,17:13:00
EMP042,03-07-2026,09:06:11,
EMP053,2026-07-03,09:00:44,17:25:42
EMP010,2026-07-16,08:57:41,
EMP037,2026-07-15,08:39:21,17:55:08
EMP008,2026-07-15,08:01:34,16:47:08
EMP033,2026-07-28,08:30:41,17:46:35
EMP002,2026-07-01,08:30:26,17:36:49
EMP050,2026-07-09,08:35:54,17:21:13
EMP006,2026-07-29,08:50:12,16:43:56
EMP002,2026-07-02,08:04:10,17:43:17
EMP008,2026-07-06,09:16:29,16:51:04
EMP043,01-07-2026,08:13:27,17:30:22
EMP058,2026-07-27,08:39:25,17:02:15
EMP045,2026-07-16,08:39:30,18:17:10
EMP030,2026-07-08,09:21:33,17:00:21
EMP002,2026-07-16,08:59:42,17:54:39
EMP007,2026-07-27,08:08:54,17:03:12
EMP014,2026-07-07,09:03:27,16:47:04
EMP005,2026-07-02,08:17:58,16:17:56
EMP059,2026-07-19,08:46:29,17:13:20
EMP033,2026-07-17,09:20:24,17:00:58
EMP016,2026-07-22,09:03:12,17:19:19
EMP030,2026-07-16,08:10:12,17:36:13
EMP052,2026-07-10,08:19:00,16:08:09
EMP023,2026-07-03,08:32:54,18:11:16
EMP048,15-07-2026,08:47:09,17:25:13
EMP031,2026-07-27,08:00:39,16:16:57
EMP060,2026-07-02,08:55:25,18:16:14
EMP024,17-07-2026,08:19:05,17:48:23
EMP008,2026-07-03,09:15:45,16:52:01
EMP059,2026-07-09,08:47:04,16:20:18
EMP018,2026-07-10,08:25:31,16:56:18
EMP025,24-07-2026,08:14:19,16:48:26
EMP054,2026-07-07,09:12:31,18:59:37
EMP009,2026-07-09,09:22:56,17:05:22
EMP005,2026-07-26,09:29:03,18:59:28
EMP023,2026-07-13,08:54:56,16:56:45
EMP036,2026-07-15,09:22:36,17:27:06
EMP052,2026-07-22,09:23:44,18:08:53
EMP004,2026-07-18,08:40:43,16:44:52
EMP040,2026-07-16,08:19:48,16:34:16
EMP047,2026-07-02,08:54:17,18:05:20
EMP053,2026-07-08,08:31:40,18:20:49
EMP058,2026-07-10,09:06:51,17:28:05
EMP031,29-07-2026,08:46:57,17:35:04
EMP052,28-07-2026,08:22:41,18:19:13
EMP014,2026-07-14,09:19:22,18:46:26
EMP056,2026-07-08,08:40:04,18:09:01
EMP055,2026-07-14,08:27:22,
EMP030,2026-07-30,08:27:01,17:42:12
EMP001,2026-07-09,09:08:18,18:44:08
EMP026,10-07-2026,08:53:34,17:14:21
EMP027,2026-07-01,09:25:35,16:57:25
EMP023,2026-07-10,08:29:45,17:28:12
EMP020,2026-07-10,09:29:59,19:25:41
EMP008,2026-07-10,08:55:15,
EMP023,27-07-2026,08:38:52,16:25:23
EMP029,2026-07-20,09:16:28,18:36:00
EMP004,03-07-2026,09:17:22,17:05:58
EMP031,08-07-2026,09:16:02,17:48:00
EMP039,2026-07-09,08:21:15,16:39:02
EMP020,2026-07-22,09:14:26,17:35:30
EMP042,2026-07-20,09:01:28,18:40:06
EMP021,2026-07-14,08:06:23,15:55:13
EMP037,2026-07-30,08:10:50,16:12:25
EMP026,2026-07-02,08:02:30,16:43:41
EMP009,2026-07-16,08:36:31,18:26:24
EMP024,2026-07-14,09:21:08,19:01:46
EMP051,2026-07-17,09:13:56,17:08:11
EMP037,2026-07-17,08:45:10,18:12:23
EMP045,2026-07-12,09:03:48,17:08:51
EMP045,2026-07-22,08:36:12,17:27:48
EMP013,2026-07-09,08:48:05,17:23:58
EMP005,2026-07-28,08:37:21,17:34:51
EMP047,2026-07-08,09:28:20,17:07:56
EMP033,2026-07-14,09:17:04,17:43:33
EMP019,2026-07-08,09:09:55,19:05:48
EMP036,2026-07-23,08:08:19,17:27:29
EMP034,2026-07-29,08:58:20,18:32:15
EMP031,2026-07-10,08:26:12,18:12:11
EMP019,2026-07-09,08:40:57,16:57:16
EMP013,2026-07-14,08:18:31,
EMP050,08-07-2026,09:16:39,16:51:34
EMP029,2026-07-07,09:19:36,
EMP043,2026-07-22,08:16:56,17:12:06
EMP018,2026-07-08,08:22:40,17:53:35
EMP047,2026-07-28,09:07:47,18:37:12
EMP032,2026-07-03,09:28:32,17:44:36
EMP058,2026-07-20,08:31:33,17:30:49
EMP011,2026-07-24,08:52:35,16:58:16
EMP058,2026-07-23,08:17:14,16:13:31
EMP007,2026-07-02,09:05:36,16:47:06
EMP015,2026-07-05,09:02:11,16:57:26
EMP047,2026-07-09,08:41:45,17:12:03
EMP044,2026-07-07,09:25:19,18:05:37
EMP022,2026-07-01,08:33:06,16:19:23
EMP013,2026-07-03,08:52:05,17:19:44
EMP045,2026-07-07,08:32:09,16:13:55
EMP047,2026-07-01,08:11:10,15:44:19
EMP043,2026-07-20,08:55:04,16:30:01
EMP049,2026-07-24,08:28:04,18:22:06
EMP020,2026-07-02,08:11:39,17:06:25
EMP060,03-07-2026,08:27:39,18:13:29
EMP035,2026-07-16,08:55:18,17:41:52
EMP038,2026-07-14,08:08:31,15:56:36
EMP035,2026-07-15,08:30:41,17:59:37
EMP024,2026-07-21,08:26:31,
EMP024,2026-07-22,08:17:02,17:15:14
EMP058,2026-07-21,08:49:05,
EMP027,2026-07-13,08:40:18,17:45:50
EMP043,2026-07-24,08:22:29,16:14:47
EMP028,2026-07-08,09:11:02,17:19:18
EMP058,2026-07-14,09:16:21,17:44:08
EMP027,2026-07-10,08:47:17,18:37:07
EMP039,20-07-2026,09:22:23,18:06:22
EMP039,2026-07-30,08:22:32,15:58:16
EMP056,2026-07-24,09:11:20,18:56:30
EMP029,2026-07-02,09:20:34,18:32:17
EMP055,2026-07-21,09:00:09,18:01:52
EMP012,2026-07-13,08:02:23,17:11:57
EMP006,2026-07-01,09:12:41,18:21:53
EMP027,2026-07-27,08:52:46,18:15:39
EMP004,2026-07-04,09:18:26,19:11:00
EMP050,2026-07-14,09:17:17,17:20:08
EMP057,2026-07-24,08:46:01,17:03:32
EMP060,2026-07-15,08:01:09,15:44:31
EMP021,2026-07-29,09:28:00,
EMP059,2026-07-23,08:01:21,15:53:52
EMP004,2026-07-07,08:30:24,16:26:06
EMP001,2026-07-24,09:23:37,17:55:25
EMP024,2026-07-09,08:29:44,16:06:16
EMP026,2026-07-14,09:20:06,17:10:02
EMP031,2026-07-01,09:04:08,
EMP047,2026-07-03,08:16:23,17:45:20
EMP030,2026-07-21,08:21:11,17:42:24
EMP058,2026-07-13,09:00:40,17:55:28
EMP020,2026-07-17,08:54:00,18:30:59
EMP038,2026-07-09,08:29:00,16:51:07
EMP022,2026-07-23,08:13:49,18:04:24
EMP057,2026-07-22,09:13:27,18:19:04
EMP043,2026-07-17,08:09:28,16:42:16
EMP028,2026-07-24,09:08:18,17:54:33
EMP054,2026-07-14,08:01:10,16:21:06
EMP053,2026-07-04,09:21:26,19:02:19
EMP011,2026-07-16,08:01:44,15:34:08
EMP060,2026-07-26,08:42:03,17:03:34
EMP034,2026-07-21,09:13:52,17:04:32
EMP003,2026-07-17,08:57:26,18:08:03
EMP018,2026-07-17,09:18:13,16:50:31
EMP049,07-07-2026,08:31:04,16:05:25
EMP020,2026-07-16,08:52:31,17:41:07
EMP019,2026-07-23,08:48:10,16:52:42
EMP017,2026-07-21,08:55:26,
EMP021,2026-07-21,08:27:26,17:10:10
EMP055,2026-07-13,08:13:54,16:06:35
EMP057,2026-07-14,09:23:53,18:41:19
EMP026,2026-07-23,08:16:23,17:47:09
EMP029,2026-07-30,08:18:42,17:47:30
EMP024,2026-07-02,09:23:31,17:32:26
EMP012,2026-07-25,08:09:33,17:31:11
EMP060,2026-07-22,08:16:13,16:11:38
EMP012,2026-07-08,09:11:04,17:47:36
EMP054,2026-07-06,08:46:26,18:03:59
EMP021,2026-07-02,08:10:53,16:45:03
EMP031,2026-07-30,09:01:50,17:05:39
EMP005,2026-07-13,08:59:13,18:49:25
EMP039,2026-07-24,08:16:47,17:33:43
EMP051,2026-07-03,08:24:47,
EMP012,2026-07-23,08:29:42,16:29:54
EMP002,2026-07-03,09:05:35,17:46:01
EMP050,2026-07-06,08:21:11,17:33:14
EMP052,2026-07-01,09:23:51,18:29:47
EMP009,2026-07-29,08:30:55,17:09:35
EMP038,2026-07-28,08:14:53,17:57:51
EMP002,2026-07-13,08:17:39,15:59:18
EMP015,2026-07-16,08:17:28,16:10:21
EMP032,24-07-2026,08:19:23,15:52:37
EMP004,2026-07-06,09:29:36,19:21:21
EMP052,2026-07-30,09:00:47,18:06:28
EMP005,2026-07-06,08:57:03,16:46:51
EMP002,2026-07-21,08:53:57,16:55:18
EMP046,2026-07-23,08:20:41,16:27:43
EMP041,2026-07-10,09:18:43,19:04:04
EMP001,23-07-2026,09:01:27,18:40:14
EMP046,2026-07-21,09:08:13,17:21:43
EMP049,2026-07-20,09:00:22,17:55:50
EMP034,2026-07-08,08:07:20,16:52:58
EMP040,2026-07-21,08:14:03,16:15:08
EMP009,2026-07-20,08:10:46,15:52:23
EMP011,2026-07-22,08:45:42,16:25:26
EMP001,2026-07-02,08:15:05,16:25:50
EMP006,2026-07-03,08:59:43,18:03:55
EMP012,22-07-2026,08:28:41,17:34:54
EMP021,2026-07-10,09:11:03,18:00:13
EMP050,2026-07-21,08:36:04,17:13:16
EMP001,2026-07-21,08:39:31,18:06:24
EMP039,2026-07-27,08:49:38,17:21:59
EMP040,2026-07-27,08:46:51,16:43:07
EMP048,16-07-2026,08:24:41,16:43:34
EMP051,2026-07-20,08:32:15,16:34:36
EMP035,2026-07-21,09:20:19,17:20:31
EMP010,2026-07-06,08:37:22,17:19:10
EMP024,2026-07-13,08:49:50,17:49:48
EMP017,27-07-2026,09:16:22,17:57:35
EMP017,2026-07-28,08:18:49,17:51:15
EMP006,2026-07-20,08:53:30,18:13:56
EMP045,2026-07-08,09:20:09,17:43:22
EMP051,2026-07-15,08:54:27,17:45:38
EMP027,2026-07-06,09:25:44,18:20:47
EMP036,2026-07-14,09:00:22,16:56:34
EMP040,2026-07-22,08:53:52,16:58:22
EMP051,2026-07-21,08:26:23,15:59:21
EMP025,2026-07-06,09:05:19,18:43:22
EMP017,2026-07-03,08:24:03,16:48:59
EMP003,2026-07-27,08:31:39,16:42:49
EMP058,01-07-2026,09:13:23,17:46:34
EMP025,2026-07-09,09:19:56,18:23:28
EMP014,2026-07-15,08:09:33,17:32:05
EMP055,2026-07-08,09:29:57,17:06:39
EMP012,2026-07-21,09:08:12,17:12:50
EMP041,2026-07-15,09:25:59,17:14:54
EMP027,07-07-2026,08:41:56,17:02:01
EMP055,06-07-2026,08:42:28,18:36:44
EMP004,2026-07-23,08:25:39,17:50:06
EMP016,2026-07-08,08:06:30,17:25:58
EMP004,2026-07-08,08:02:25,15:55:04
EMP006,2026-07-18,08:22:01,17:36:33
EMP052,2026-07-17,08:37:06,17:44:58
EMP046,10-07-2026,08:34:31,17:44:00
EMP003,2026-07-07,08:55:13,18:00:16
EMP043,2026-07-29,08:21:48,16:44:39
EMP022,2026-07-02,08:30:48,17:50:39
EMP054,2026-07-01,08:11:34,18:02:01
EMP005,2026-07-15,08:29:37,17:42:01
EMP056,2026-07-07,08:06:40,18:03:07
EMP054,2026-07-03,08:04:20,16:14:32
EMP042,2026-07-06,09:25:06,19:14:13
EMP002,2026-07-27,08:29:49,17:18:35
EMP047,2026-07-15,08:48:51,16:28:53
EMP011,2026-07-01,08:07:42,17:22:56
EMP047,2026-07-14,08:27:54,17:01:55
EMP051,2026-07-01,08:39:43,17:01:48
EMP007,2026-07-16,08:51:23,18:47:22
EMP042,2026-07-16,08:48:50,18:25:17
EMP008,2026-07-21,09:25:28,17:52:24
EMP037,20-07-2026,08:51:58,17:27:49
EMP057,2026-07-13,08:34:17,17:30:49
EMP009,2026-07-25,08:54:59,18:38:30
EMP024,2026-07-08,08:53:20,
EMP007,2026-07-23,09:00:55,17:40:27
EMP044,01-07-2026,08:42:55,16:24:13
EMP055,2026-07-24,08:37:50,17:28:40
EMP040,2026-07-29,08:20:30,16:40:07
EMP049,2026-07-21,09:13:13,
EMP014,2026-07-28,08:45:20,17:00:16
EMP047,2026-07-13,09:13:23,16:58:08
EMP057,2026-07-02,08:30:15,16:00:48
EMP034,2026-07-15,09:15:36,18:18:34
EMP017,2026-07-09,09:05:32,17:35:06
EMP018,2026-07-23,09:02:41,17:21:55
EMP012,2026-07-20,08:51:33,17:06:24
EMP011,2026-07-30,08:33:29,16:37:44
EMP021,2026-07-23,08:35:44,16:11:36
EMP008,2026-07-27,08:34:31,16:31:28
EMP007,22-07-2026,08:32:56,16:05:51
EMP046,2026-07-20,09:01:39,18:44:02
EMP044,2026-07-13,08:55:54,18:09:35
EMP026,2026-07-22,08:41:50,17:21:24
EMP046,2026-07-07,09:17:23,19:08:44
EMP001,2026-07-22,08:35:23,16:34:13
EMP040,2026-07-08,08:47:02,17:49:22
EMP056,2026-07-17,08:33:31,17:06:57
EMP053,2026-07-07,08:35:11,17:14:45
EMP049,2026-07-02,08:38:44,16:38:58
EMP052,2026-07-29,09:10:18,
EMP040,02-07-2026,08:32:33,16:28:56
EMP040,2026-07-20,08:39:56,17:57:02
EMP042,2026-07-22,08:42:15,18:18:27
EMP048,2026-07-20,08:40:17,
EMP059,2026-07-30,09:11:39,18:31:34
EMP008,2026-07-30,09:08:06,17:29:07
EMP012,2026-07-16,09:09:41,17:42:54
EMP001,2026-07-20,09:27:00,18:36:44
EMP048,2026-07-13,08:56:00,16:52:35
EMP012,2026-07-19,09:13:05,18:29:57
EMP013,2026-07-23,08:34:57,18:01:00
EMP012,02-07-2026,08:54:24,18:23:37
EMP053,2026-07-09,08:37:18,18:31:46
EMP014,2026-07-24,09:29:54,18:32:20
EMP023,2026-07-02,09:05:29,18:03:21
EMP010,2026-07-02,08:54:07,16:54:58
EMP042,2026-07-14,08:26:42,16:43:09
EMP053,2026-07-02,08:08:33,16:22:16
EMP019,2026-07-17,09:01:02,17:15:05
EMP001,13-07-2026,09:01:44,17:15:34
EMP033,2026-07-21,09:04:38,17:55:12
EMP027,2026-07-03,08:30:54,16:02:47
EMP041,2026-07-24,09:07:05,16:49:33
EMP041,2026-07-26,09:28:24,18:16:23
EMP041,2026-07-08,08:38:41,16:47:47
EMP035,2026-07-27,09:27:05,18:06:00
EMP037,2026-07-03,09:11:35,17:01:35
EMP056,2026-07-27,08:56:19,
EMP003,2026-07-05,08:33:25,18:23:41
EMP028,2026-07-23,08:41:53,17:10:59
EMP022,2026-07-08,08:32:29,
EMP040,2026-07-03,08:31:31,16:48:05
EMP039,2026-07-17,08:31:48,
EMP032,2026-07-09,08:51:04,17:54:33
EMP039,2026-07-15,08:46:12,
EMP032,2026-07-29,09:13:30,17:43:11
EMP016,2026-07-29,08:29:22,16:00:25
EMP031,2026-07-22,09:22:35,18:42:35
EMP026,2026-07-28,08:51:25,17:33:37
EMP055,2026-07-28,08:06:21,16:24:28
EMP044,2026-07-22,08:29:50,17:54:11
EMP029,2026-07-27,09:19:25,19:15:00
EMP025,2026-07-17,09:18:55,18:52:08
EMP045,2026-07-10,09:12:04,18:10:45
EMP044,2026-07-29,09:24:15,18:16:25
EMP004,2026-07-29,09:03:51,18:29:57
EMP011,2026-07-06,08:51:46,16:38:53
EMP056,2026-07-22,09:06:25,18:44:00
EMP011,2026-07-28,09:19:04,17:56:55
EMP028,2026-07-06,08:24:22,16:15:57
EMP019,2026-07-03,08:59:59,
EMP056,2026-07-20,08:17:43,17:17:40
EMP052,2026-07-27,09:01:29,17:31:06
EMP030,2026-07-06,09:21:20,18:12:39
EMP059,03-07-2026,09:05:45,18:08:58
EMP017,2026-07-30,09:23:17,19:03:15
EMP036,2026-07-17,08:21:15,17:33:25
EMP034,2026-07-06,08:13:03,16:04:04
EMP011,2026-07-21,08:41:36,18:04:53
EMP012,2026-07-24,08:35:32,17:16:44
EMP047,2026-07-22,08:48:25,17:36:39
EMP008,2026-07-20,08:36:42,
EMP051,2026-07-09,09:00:48,18:59:46
EMP057,2026-07-15,08:26:11,17:15:00
EMP031,2026-07-20,08:11:04,17:01:18
EMP026,2026-07-08,09:11:16,17:12:52
EMP015,2026-07-28,09:07:39,17:30:25
EMP003,2026-07-08,08:18:02,17:45:19
EMP052,2026-07-21,08:25:06,18:01:32
EMP013,2026-07-15,08:56:05,17:11:11
EMP018,2026-07-28,08:52:54,17:57:14
EMP016,2026-07-23,09:00:04,17:37:53
EMP060,23-07-2026,08:00:10,16:03:12
EMP007,2026-07-03,08:37:36,16:11:32
EMP057,2026-07-20,09:18:42,19:15:04
EMP033,2026-07-07,09:28:04,17:19:30
EMP043,2026-07-15,09:22:32,18:26:09
EMP020,2026-07-20,08:06:11,15:55:14
EMP051,2026-07-14,08:24:47,16:00:04
EMP022,2026-07-06,08:44:23,17:27:16
EMP010,2026-07-13,09:05:24,17:33:30
EMP046,2026-07-15,08:19:32,17:31:56
EMP037,2026-07-14,08:58:37,17:10:28
EMP031,2026-07-16,09:04:22,
EMP036,2026-07-21,09:02:37,17:54:08
EMP034,2026-07-22,08:34:42,18:05:14
EMP052,2026-07-06,08:23:30,17:46:36
EMP048,2026-07-18,08:58:49,18:31:04
EMP028,2026-07-07,08:28:51,18:03:10
EMP051,2026-07-30,09:09:01,17:24:12
EMP016,2026-07-16,08:47:07,18:44:24
EMP008,2026-07-05,08:41:28,16:27:14
EMP046,2026-07-16,08:42:42,16:32:06
EMP025,2026-07-22,08:24:20,16:04:46
EMP035,2026-07-22,08:31:13,18:12:53
EMP021,2026-07-30,09:14:30,18:28:19
EMP038,2026-07-21,09:00:23,16:31:40
EMP044,2026-07-16,08:01:16,16:12:58
EMP013,2026-07-20,08:13:42,17:06:05
EMP051,2026-07-02,08:30:07,16:18:10
EMP045,2026-07-21,08:01:46,15:47:37
EMP017,2026-07-07,08:25:44,17:37:44
EMP042,10-07-2026,08:04:44,15:52:52
EMP049,2026-07-14,08:31:45,16:05:52
EMP058,2026-07-15,08:45:10,16:52:09
EMP030,2026-07-10,09:07:43,17:12:31
EMP002,2026-07-14,09:18:56,16:53:15
EMP034,2026-07-27,09:00:37,16:41:01
EMP055,2026-07-23,08:38:16,18:36:58
EMP018,2026-07-01,09:14:50,18:10:01
EMP025,2026-07-16,09:09:17,17:31:30
EMP004,2026-07-13,08:29:22,16:24:42
EMP017,2026-07-29,08:49:29,17:17:14
EMP038,2026-07-30,08:40:28,17:07:27
EMP002,2026-07-22,08:06:13,17:32:44
EMP002,2026-07-20,08:36:29,18:12:34
EMP032,2026-07-27,09:12:45,18:25:37
EMP050,2026-07-01,09:06:37,17:37:18
EMP015,2026-07-06,08:53:09,18:37:03
EMP002,2026-07-09,08:12:32,17:58:53
EMP028,2026-07-30,08:54:18,18:44:42
EMP030,2026-07-17,08:05:25,17:12:29
EMP037,2026-07-28,09:18:20,16:49:13
EMP034,2026-07-09,08:05:19,17:21:09
EMP025,2026-07-21,09:14:20,18:57:12
EMP032,2026-07-06,08:51:32,18:50:24
EMP019,2026-07-19,08:44:51,18:15:31
EMP025,2026-07-15,09:01:00,18:55:57
EMP042,2026-07-08,09:07:09,18:26:19
EMP019,2026-07-02,08:50:09,16:24:26
EMP001,07-07-2026,08:15:32,18:11:09
EMP052,2026-07-02,09:04:47,18:39:35
EMP009,2026-07-08,09:18:44,17:34:17
EMP059,2026-07-13,09:02:34,19:01:20
EMP006,2026-07-24,09:29:54,18:27:10
EMP055,2026-07-07,08:44:27,17:01:54
EMP046,2026-07-27,09:10:34,17:15:24
EMP026,2026-07-26,09:04:24,17:33:26
EMP023,2026-07-28,08:48:31,17:25:21
EMP020,2026-07-06,08:49:36,17:07:32
EMP035,2026-07-02,08:22:02,16:41:05
EMP001,2026-07-27,09:27:44,18:03:20
EMP001,2026-07-16,09:13:55,18:11:38
EMP016,2026-07-15,08:39:45,18:03:23
EMP059,2026-07-17,08:41:35,16:42:44
EMP028,02-07-2026,09:13:18,17:35:44
EMP022,2026-07-13,08:31:13,18:13:42
EMP045,2026-07-02,08:48:47,17:09:29
EMP013,2026-07-13,08:03:06,17:10:12
EMP016,27-07-2026,08:12:02,16:22:37
EMP020,2026-07-14,08:42:02,16:34:17
EMP029,2026-07-17,08:46:33,17:06:45
EMP038,2026-07-17,08:16:40,17:21:59
EMP059,2026-07-14,08:16:30,17:17:03
EMP057,2026-07-08,08:55:33,17:55:07
EMP039,2026-07-16,09:11:17,17:27:27
EMP001,2026-07-03,09:26:02,18:52:10
EMP001,2026-07-01,08:08:37,16:18:21
EMP054,2026-07-02,08:52:59,18:18:36
EMP027,2026-07-21,08:34:25,17:16:47
EMP029,2026-07-22,08:09:24,18:06:42
EMP050,2026-07-22,08:10:43,16:00:35
EMP025,2026-07-13,09:25:27,18:16:14
EMP054,2026-07-16,08:00:31,15:47:10
EMP023,2026-07-17,08:46:26,17:46:28
EMP035,23-07-2026,08:39:10,17:48:55
EMP002,2026-07-05,08:13:36,15:52:54
EMP022,2026-07-28,08:35:44,16:46:54
EMP042,2026-07-15,09:06:41,18:19:42
EMP006,2026-07-13,08:38:00,18:05:02
EMP048,2026-07-17,08:48:22,18:17:03
EMP050,2026-07-17,09:02:42,18:51:54
EMP013,2026-07-17,09:09:45,19:03:03
EMP017,2026-07-24,08:48:45,16:47:47
EMP028,2026-07-28,08:54:33,17:32:15
EMP031,28-07-2026,08:39:58,17:55:16
EMP026,2026-07-15,09:07:34,17:36:52
EMP020,2026-07-24,08:13:58,16:36:06
EMP019,2026-07-22,08:48:10,17:31:58
EMP020,2026-07-27,08:55:45,18:00:18
EMP052,2026-07-20,08:41:18,16:56:14
EMP044,02-07-2026,08:55:22,16:30:31
EMP006,2026-07-06,08:43:08,18:07:25
EMP016,2026-07-14,09:25:37,19:24:16
EMP030,2026-07-13,08:33:12,17:18:30
EMP008,2026-07-17,09:23:18,17:11:34
EMP025,2026-07-29,09:10:59,18:47:32
EMP043,2026-07-08,08:10:58,17:20:16
EMP031,2026-07-23,08:09:45,16:45:15
EMP001,2026-07-14,08:24:52,17:03:48
EMP051,2026-07-12,08:50:51,18:37:47
EMP023,2026-07-19,08:07:39,16:34:42
EMP015,2026-07-13,08:04:43,15:35:56
EMP030,2026-07-29,08:36:52,18:12:45
EMP044,2026-07-15,09:04:29,18:52:46
EMP010,2026-07-01,08:03:41,15:44:50
EMP015,2026-07-08,08:54:33,16:32:51
EMP036,2026-07-22,08:38:59,18:24:21
EMP004,2026-07-26,08:08:56,17:30:12
EMP033,2026-07-10,08:48:13,17:32:10
EMP036,2026-07-03,09:13:54,18:46:38
EMP033,2026-07-16,08:35:19,17:32:28
EMP036,10-07-2026,08:45:59,18:38:24
EMP048,2026-07-22,09:04:25,18:21:36
EMP035,2026-07-07,08:49:51,17:42:30
EMP029,2026-07-06,08:45:57,17:23:02
EMP008,2026-07-02,08:36:38,17:21:16
EMP003,2026-07-22,08:20:45,18:05:11
EMP028,2026-07-22,08:50:57,
EMP004,2026-07-27,09:13:16,18:51:21
EMP056,2026-07-13,08:22:48,17:43:20
EMP006,2026-07-21,08:29:41,18:20:59
EMP005,2026-07-20,08:51:09,18:09:40
EMP057,07-07-2026,08:32:48,16:31:53
EMP050,2026-07-07,08:02:10,16:06:40
EMP020,2026-07-08,09:23:57,19:22:34
EMP017,2026-07-17,09:05:30,17:55:17
EMP049,2026-07-09,08:50:21,18:31:22
EMP027,2026-07-17,08:38:04,17:10:00
EMP054,2026-07-29,08:34:10,16:17:46
EMP014,21-07-2026,09:17:29,18:23:57
EMP040,2026-07-17,08:38:49,18:36:48
EMP054,2026-07-15,08:12:04,16:07:12
EMP038,2026-07-01,08:04:36,16:55:21
EMP038,2026-07-16,08:12:21,17:52:16
EMP049,2026-07-27,09:21:16,18:54:52
EMP006,2026-07-23,08:18:47,15:53:54
EMP050,2026-07-15,08:02:47,16:04:52
EMP011,2026-07-25,08:14:47,17:19:37
EMP055,2026-07-05,09:22:01,18:28:17
EMP008,2026-07-18,08:08:32,16:01:51
EMP052,2026-07-24,09:23:51,19:06:51
EMP031,2026-07-03,09:08:34,18:16:27
EMP045,19-07-2026,09:11:30,18:23:04
EMP021,2026-07-16,09:29:18,18:44:32
EMP016,2026-07-24,09:29:22,
EMP056,2026-07-03,08:22:30,16:10:52
EMP047,2026-07-10,09:21:39,17:55:39
EMP046,2026-07-02,08:09:50,18:06:40
EMP042,2026-07-23,08:23:12,18:04:42
EMP017,2026-07-22,09:09:13,17:47:46
EMP017,06-07-2026,08:21:55,17:48:06
EMP032,2026-07-08,08:52:01,17:02:58
EMP048,2026-07-02,09:24:39,18:04:45
EMP043,2026-07-13,08:01:27,17:46:22
EMP023,2026-07-21,09:26:49,18:33:11
EMP001,2026-07-06,09:07:55,17:21:01
EMP057,2026-07-06,08:37:53,16:26:50
EMP007,2026-07-07,09:04:39,17:59:38
EMP027,2026-07-22,08:50:06,16:20:28
EMP002,2026-07-08,08:35:06,18:02:16
EMP032,2026-07-22,08:30:58,16:13:13
EMP021,01-07-2026,08:29:26,17:06:06
EMP037,2026-07-13,09:12:53,17:18:39
EMP026,21-07-2026,08:28:32,18:00:32
EMP030,2026-07-14,08:16:06,16:47:35
EMP027,2026-07-09,08:05:09,16:04:50
EMP054,2026-07-20,08:57:24,18:37:33
EMP016,2026-07-26,08:39:48,16:23:44
EMP013,2026-07-22,08:54:58,18:12:00
EMP031,17-07-2026,09:04:48,17:27:57
EMP040,2026-07-28,09:19:29,18:28:52
EMP044,2026-07-17,08:24:32,
EMP020,2026-07-13,08:40:17,
EMP053,2026-07-06,08:07:32,16:42:00
EMP058,2026-07-02,09:00:03,18:17:31
EMP012,2026-07-30,08:19:52,15:52:13
EMP043,2026-07-06,08:52:16,16:57:17
EMP015,2026-07-23,09:09:16,19:04:54
EMP055,2026-07-15,08:17:15,17:27:41
EMP007,2026-07-06,08:52:11,
EMP005,2026-07-01,08:27:55,17:15:58
EMP048,2026-07-21,09:13:32,18:50:19
EMP016,2026-07-09,09:03:36,18:21:46
EMP021,2026-07-27,08:33:34,18:07:34
EMP029,2026-07-10,08:15:01,17:30:44
EMP060,2026-07-18,09:20:49,19:04:28
EMP009,2026-07-07,09:21:53,18:29:05
EMP054,2026-07-08,09:28:16,19:01:07
EMP028,2026-07-13,08:33:39,16:42:01
EMP030,2026-07-09,08:04:43,16:16:07
EMP006,2026-07-04,08:52:43,17:49:49
EMP045,2026-07-30,08:40:07,16:39:06
EMP060,14-07-2026,08:50:09,18:48:17
EMP027,2026-07-04,09:17:46,17:11:11
EMP049,2026-07-03,09:06:06,18:02:03
EMP015,2026-07-29,09:27:08,18:17:23
EMP043,2026-07-14,09:24:53,17:23:02
EMP021,2026-07-13,08:06:46,17:43:44
EMP014,2026-07-08,08:11:51,15:47:40
EMP032,2026-07-18,08:49:07,18:33:21
EMP040,2026-07-13,08:36:26,16:21:24
EMP038,22-07-2026,08:34:29,18:29:00
EMP034,2026-07-25,08:51:23,16:38:18
EMP009,2026-07-04,08:55:46,18:04:09
EMP014,2026-07-27,08:29:34,16:54:27
EMP013,2026-07-06,09:01:41,17:56:50
EMP006,10-07-2026,08:37:08,16:54:06
EMP050,2026-07-03,08:39:41,17:03:48
EMP034,2026-07-01,08:16:20,16:55:42
EMP042,12-07-2026,08:49:18,18:29:41
EMP012,2026-07-06,08:17:42,16:04:30
EMP046,2026-07-28,08:56:09,17:11:21
EMP045,2026-07-15,08:42:13,17:22:19
EMP005,2026-07-17,09:08:31,16:51:29
EMP003,2026-07-09,09:23:04,
EMP026,2026-07-30,08:59:51,17:17:43
EMP024,2026-07-23,08:35:23,16:12:22
EMP053,2026-07-13,08:21:38,18:04:09
EMP058,2026-07-24,08:12:27,17:04:37
EMP010,2026-07-09,09:24:43,17:11:46
EMP057,2026-07-01,08:59:35,17:59:53
EMP012,2026-07-10,09:22:49,17:40:18
EMP055,2026-07-30,08:57:30,18:44:57
EMP031,2026-07-26,09:09:02,
EMP036,2026-07-30,09:05:30,19:02:57
EMP009,2026-07-11,08:46:12,18:19:30
EMP056,15-07-2026,08:07:58,18:02:49
EMP018,2026-07-30,08:44:36,17:36:22
EMP031,2026-07-06,08:09:10,16:00:19
EMP037,2026-07-21,08:02:06,15:42:07
EMP060,2026-07-01,08:39:52,18:26:26
EMP033,2026-07-27,09:23:30,19:16:51
EMP025,2026-07-30,08:28:18,17:05:42
EMP023,2026-07-23,08:42:29,16:55:45
EMP036,2026-07-16,08:50:21,18:36:56
EMP035,2026-07-20,08:28:08,18:22:09
EMP054,2026-07-27,09:11:20,17:06:21
EMP009,2026-07-05,08:37:14,17:25:27
EMP053,2026-07-17,08:54:22,17:17:16
EMP056,2026-07-28,08:53:14,18:18:23
EMP005,2026-07-10,08:44:35,17:47:24
EMP049,2026-07-13,09:17:45,18:01:39
EMP010,2026-07-08,08:50:13,18:49:02
EMP016,2026-07-20,08:24:37,17:39:46
EMP048,2026-07-27,08:01:49,15:50:40
EMP016,2026-07-07,08:55:47,17:29:19
EMP031,2026-07-13,09:17:59,17:29:53
EMP028,09-07-2026,09:27:19,17:30:45
EMP012,2026-07-09,08:00:21,16:45:57
EMP040,2026-07-09,08:28:51,17:25:17
EMP010,2026-07-27,08:45:48,17:27:16
EMP040,2026-07-06,09:19:11,17:17:27
EMP054,2026-07-10,09:15:39,17:13:24
EMP022,2026-07-20,08:11:49,16:13:14
EMP055,2026-07-20,09:29:32,17:54:49
EMP014,2026-07-22,08:30:05,16:39:33
EMP034,2026-07-24,08:40:19,18:39:54
EMP006,2026-07-22,08:07:57,17:57:00
EMP059,2026-07-06,08:02:55,17:17:33
EMP042,2026-07-09,08:55:09,18:39:08
EMP029,2026-07-09,08:31:23,
EMP016,2026-07-06,08:25:34,16:01:14
EMP021,2026-07-17,09:14:30,17:28:06
EMP024,2026-07-10,08:45:02,17:25:07
EMP019,2026-07-30,08:35:09,17:36:00
EMP019,2026-07-29,09:28:57,18:34:29
EMP014,2026-07-10,08:18:51,17:50:57
EMP016,2026-07-03,08:47:26,
EMP028,2026-07-01,08:13:06,16:32:48
EMP042,2026-07-29,09:01:10,18:06:09
EMP018,2026-07-22,09:11:53,17:32:21
EMP013,2026-07-29,08:05:06,15:46:20
EMP053,2026-07-12,08:35:49,16:34:46
EMP047,2026-07-17,08:31:25,16:02:04
EMP026,2026-07-06,09:24:21,17:15:10
EMP022,2026-07-22,08:15:36,16:22:13
EMP011,2026-07-23,09:19:23,17:11:46
EMP057,2026-07-10,09:26:55,18:54:58
EMP024,2026-07-06,09:09:50,18:53:53
EMP044,2026-07-03,08:06:42,16:59:52
EMP053,16-07-2026,09:26:43,17:30:23
EMP053,2026-07-24,08:47:26,18:33:55
EMP043,2026-07-30,08:25:44,18:09:35
EMP055,2026-07-09,08:44:23,
EMP010,2026-07-05,08:49:11,17:09:18
EMP046,2026-07-29,08:57:19,18:26:01
EMP038,2026-07-06,08:40:11,17:45:43
EMP017,2026-07-16,08:16:07,16:18:31
EMP017,2026-07-10,09:10:50,16:46:18
EMP009,2026-07-28,08:41:08,18:40:01
EMP040,2026-07-23,09:05:54,16:56:50
EMP007,2026-07-08,08:14:47,18:09:50
EMP041,2026-07-09,08:22:57,16:25:26
EMP003,2026-07-13,08:02:12,17:52:43
EMP056,2026-07-29,08:32:21,16:27:19
EMP008,2026-07-13,09:28:58,17:17:10
EMP048,05-07-2026,09:00:31,18:16:45
EMP036,2026-07-02,08:50:36,16:35:22
EMP016,2026-07-21,09:19:21,16:54:57
EMP029,2026-07-16,09:07:55,18:20:26
EMP005,2026-07-16,08:43:47,17:44:29
EMP027,15-07-2026,08:20:48,16:07:54
EMP023,2026-07-06,08:46:33,16:27:15
EMP047,2026-07-24,08:28:20,17:16:21
EMP051,05-07-2026,09:11:12,18:47:37
EMP039,2026-07-13,09:08:03,19:02:17
EMP016,2026-07-30,08:49:33,17:19:02
EMP026,20-07-2026,08:23:00,18:06:38
EMP023,2026-07-08,08:06:12,17:33:48
EMP019,2026-07-27,09:02:26,16:40:08
EMP030,2026-07-24,08:21:26,17:14:06
EMP056,2026-07-06,09:24:55,18:45:03
EMP030,2026-07-03,08:11:22,17:17:16
EMP010,2026-07-26,09:07:32,18:35:28
EMP038,2026-07-20,09:00:10,17:29:19
EMP020,2026-07-23,08:21:19,16:41:07
EMP058,2026-07-22,09:09:12,16:43:22
EMP005,2026-07-21,08:45:35,18:29:24
EMP003,06-07-2026,08:26:47,18:15:37
EMP041,2026-07-27,09:19:03,19:08:05
EMP026,2026-07-13,08:51:09,16:45:16
EMP036,2026-07-13,08:07:10,16:28:02
EMP033,2026-07-20,08:30:41,17:47:36
EMP017,2026-07-02,08:21:23,17:10:07
EMP045,2026-07-26,09:15:13,17:40:40
EMP010,2026-07-04,08:02:08,17:26:32
EMP051,2026-07-07,08:47:07,16:56:48
EMP001,2026-07-08,08:23:40,17:09:57
EMP014,2026-07-05,08:48:42,
EMP007,2026-07-09,08:34:58,
EMP008,2026-07-16,08:21:38,
EMP038,2026-07-27,08:05:55,16:20:26
EMP002,2026-07-06,08:23:25,17:20:26
EMP047,2026-07-20,08:41:54,17:51:43
EMP007,30-07-2026,09:25:47,18:32:06
EMP018,2026-07-20,09:21:50,17:46:34
EMP035,2026-07-03,08:55:18,18:45:09
EMP031,2026-07-21,08:39:49,16:16:19
EMP054,2026-07-09,08:41:43,17:26:23
EMP012,15-07-2026,09:01:56,18:45:21
EMP023,29-07-2026,08:23:49,16:55:52
EMP024,2026-07-27,08:05:00,
EMP051,2026-07-08,09:20:07,17:36:56
EMP041,2026-07-16,09:29:36,17:41:21
EMP002,2026-07-10,08:33:59,16:06:16
EMP038,07-07-2026,09:29:09,18:17:30
EMP023,2026-07-24,09:01:01,17:52:07
EMP010,2026-07-14,08:05:14,17:05:33
EMP006,2026-07-08,08:58:41,18:29:07
EMP047,2026-07-21,09:03:13,18:27:35
EMP060,2026-07-27,08:07:26,17:45:01
EMP059,2026-07-02,08:10:25,17:17:34
EMP021,2026-07-08,09:11:26,
EMP059,2026-07-01,08:45:33,16:23:29
EMP009,23-07-2026,08:43:26,16:55:48
EMP023,2026-07-01,08:33:50,18:18:48
EMP017,2026-07-15,08:15:54,15:46:33
EMP003,2026-07-02,08:59:21,17:31:12
EMP042,2026-07-18,08:42:06,18:18:51
EMP052,2026-07-14,09:00:04,16:55:50
EMP028,2026-07-16,08:03:32,16:38:34
EMP032,2026-07-01,08:18:31,16:21:01
EMP038,2026-07-08,09:10:30,
EMP023,2026-07-30,08:25:46,18:23:30
EMP015,2026-07-25,09:06:07,17:16:55
EMP044,2026-07-14,08:13:26,
EMP013,2026-07-02,08:31:39,17:32:52
EMP059,2026-07-24,08:25:21,17:19:44
EMP043,2026-07-28,08:14:09,
EMP049,2026-07-04,08:17:58,17:35:35
EMP026,2026-07-12,09:14:27,17:07:14
EMP044,2026-07-27,09:17:33,18:28:03
EMP019,2026-07-13,08:52:29,17:51:06
EMP046,2026-07-01,08:30:11,17:06:07
EMP060,30-07-2026,09:03:46,18:08:19
EMP013,2026-07-07,08:28:08,16:05:32
EMP012,2026-07-29,08:01:48,16:11:06
EMP032,2026-07-17,08:24:17,16:20:05
EMP038,15-07-2026,08:22:02,16:20:40
EMP012,2026-07-17,09:05:55,17:00:56
EMP049,2026-07-22,08:43:06,16:55:46
EMP046,2026-07-03,08:35:37,17:19:00
EMP036,2026-07-20,08:09:47,18:08:31
EMP006,2026-07-16,08:55:38,18:43:18
EMP007,13-07-2026,09:08:26,17:37:02
EMP024,2026-07-28,08:01:11,17:32:19
EMP007,2026-07-15,08:19:18,17:33:16
EMP006,2026-07-30,08:48:58,17:28:15
EMP031,2026-07-24,08:11:01,17:21:35
EMP018,2026-07-24,08:47:45,18:19:15
EMP038,2026-07-29,09:18:57,17:37:00
EMP006,2026-07-07,08:50:28,17:54:51
EMP023,2026-07-07,08:25:25,16:12:39
EMP020,2026-07-28,08:48:12,17:42:16
EMP049,06-07-2026,09:18:21,18:57:47
EMP057,23-07-2026,08:58:59,17:51:31
EMP021,2026-07-18,08:46:56,17:41:49
EMP049,2026-07-26,08:19:03,17:57:43
EMP018,2026-07-14,09:24:34,16:58:20
EMP048,2026-07-09,09:20:35,17:39:34
EMP008,2026-07-08,08:43:52,16:45:04
EMP034,2026-07-20,08:49:28,17:25:48
EMP006,2026-07-02,08:40:59,
EMP005,2026-07-08,08:21:57,16:25:00
EMP043,2026-07-23,09:05:52,18:50:01
EMP032,2026-07-23,08:20:58,15:52:04
EMP056,2026-07-26,08:40:12,17:47:02
EMP001,2026-07-29,08:18:20,17:27:28
EMP036,06-07-2026,08:59:55,18:50:13
EMP053,2026-07-23,08:22:55,17:20:21
EMP040,2026-07-01,08:07:45,16:06:43
EMP022,30-07-2026,08:30:25,
EMP003,2026-07-30,08:33:29,17:49:59
EMP014,2026-07-30,08:47:47,18:41:03
EMP038,2026-07-24,08:34:08,17:00:48
EMP045,2026-07-28,09:14:31,18:29:07
EMP029,2026-07-15,08:27:20,16:40:33
EMP007,2026-07-20,09:05:14,18:00:53
EMP025,2026-07-27,08:30:14,17:08:42
EMP004,2026-07-11,08:51:41,17:49:52
EMP042,2026-07-02,09:18:39,18:58:47
EMP032,2026-07-05,08:30:58,16:04:28
EMP052,2026-07-15,08:31:23,17:18:58
EMP025,2026-07-03,08:24:32,16:02:15
EMP008,2026-07-29,09:25:30,17:26:26
EMP040,2026-07-07,09:05:00,18:44:06
EMP048,2026-07-28,09:14:50,18:44:59
EMP039,2026-07-07,08:47:36,16:59:39
EMP040,2026-07-14,08:07:54,
EMP001,2026-07-28,09:07:01,17:07:11
EMP053,2026-07-15,09:09:23,16:57:02
EMP053,2026-07-20,08:28:17,18:00:08
EMP026,2026-07-07,08:39:25,18:20:28
EMP059,2026-07-08,08:28:54,17:38:04
EMP022,2026-07-16,09:11:28,17:41:28
EMP041,2026-07-23,09:29:26,
EMP009,2026-07-17,08:58:30,16:42:50
EMP047,07-07-2026,08:04:29,
EMP009,2026-07-15,08:06:03,17:12:47
EMP031,2026-07-09,09:08:18,
EMP027,2026-07-16,09:06:07,17:03:22
EMP035,2026-07-28,09:13:13,19:09:55
EMP044,2026-07-06,08:03:06,15:55:49
EMP058,2026-07-08,08:27:31,17:12:56
EMP026,2026-07-09,08:02:21,18:01:49
EMP035,2026-07-17,09:22:23,18:26:53
EMP048,2026-07-10,08:20:50,17:46:51
EMP013,2026-07-28,08:13:01,16:44:54
EMP028,2026-07-17,08:17:28,16:39:42
EMP058,2026-07-16,08:10:41,16:19:26
EMP033,15-07-2026,08:38:14,16:50:08
EMP048,2026-07-06,08:09:18,17:50:33
EMP032,2026-07-28,08:04:38,16:39:01
EMP033,2026-07-29,09:10:19,18:20:10
EMP007,2026-07-17,08:23:50,
EMP029,2026-07-24,08:48:57,16:38:11
EMP014,2026-07-02,08:11:22,16:31:09
EMP015,2026-07-01,08:40:24,16:18:35
EMP012,2026-07-03,08:11:33,16:46:00
EMP040,2026-07-24,08:26:11,17:29:59
EMP014,2026-07-20,08:49:00,17:37:34
EMP060,2026-07-10,09:27:19,18:50:30
EMP055,2026-07-10,08:47:45,17:17:07
EMP044,2026-07-23,08:45:57,17:36:30
EMP019,2026-07-10,08:22:12,18:19:56
EMP043,2026-07-16,08:17:02,17:21:51
EMP010,03-07-2026,09:09:48,17:33:45
EMP055,16-07-2026,08:46:30,16:55:07
EMP048,2026-07-29,08:46:45,18:29:41
EMP006,2026-07-17,08:56:56,18:06:28
EMP030,2026-07-27,09:00:11,17:10:27
EMP037,2026-07-01,08:30:39,17:08:01
EMP010,2026-07-30,09:14:45,19:12:26
EMP049,2026-07-25,08:23:56,16:26:13
EMP055,2026-07-29,08:38:23,18:21:13
EMP054,2026-07-26,08:49:56,17:00:54
EMP027,2026-07-29,09:15:48,17:33:04
EMP027,2026-07-02,09:06:27,17:01:06
EMP044,2026-07-21,08:17:15,15:55:34
EMP019,2026-07-15,08:14:47,17:25:32
EMP049,2026-07-28,09:24:59,17:17:36
EMP027,2026-07-24,09:23:33,18:28:05
EMP021,2026-07-24,08:01:28,17:01:22
EMP047,2026-07-16,09:06:09,17:14:51
EMP050,2026-07-29,09:22:45,18:22:44
EMP033,2026-07-24,09:20:37,17:24:04
EMP004,2026-07-16,09:21:16,17:00:11
EMP010,2026-07-24,09:09:55,17:12:00
EMP053,2026-07-01,08:17:42,16:08:43
EMP024,20-07-2026,08:02:22,17:40:25
EMP047,2026-07-06,08:10:55,17:21:33
EMP052,2026-07-25,09:06:33,18:26:42
EMP043,2026-07-07,08:03:03,17:18:26
EMP048,2026-07-01,09:28:18,17:28:41
EMP015,2026-07-03,08:39:56,18:24:19
EMP040,2026-07-30,08:38:19,16:34:50
EMP023,2026-07-20,09:00:05,17:36:39
EMP009,2026-07-03,09:20:40,17:39:50
EMP036,2026-07-07,09:27:07,17:50:21
EMP045,2026-07-09,09:11:33,18:59:58
EMP058,2026-07-06,09:06:07,17:04:45
EMP029,2026-07-01,09:10:36,
EMP046,2026-07-13,09:21:43,
EMP056,2026-07-23,08:01:43,17:58:02
EMP036,2026-07-01,08:37:28,18:23:12
EMP009,22-07-2026,08:29:22,17:09:23
EMP045,2026-07-13,08:33:32,17:05:39
EMP004,2026-07-30,08:41:51,17:17:38
EMP011,2026-07-20,09:26:29,17:18:55
EMP034,2026-07-03,09:28:56,17:16:17
EMP051,2026-07-06,09:26:45,17:07:31
EMP018,2026-07-21,08:38:42,18:30:17
EMP030,2026-07-02,09:01:05,18:26:08
EMP013,2026-07-01,08:20:16,16:04:03
EMP009,2026-07-14,08:40:59,16:38:14
EMP038,2026-07-19,09:27:59,17:43:40
EMP042,2026-07-04,08:26:35,16:51:40
EMP010,2026-07-17,09:05:30,19:04:44
EMP049,15-07-2026,08:22:32,16:56:41
EMP052,2026-07-07,08:27:06,16:06:35
EMP004,2026-07-14,09:11:08,17:14:14
EMP004,2026-07-17,09:16:29,17:27:15
EMP023,2026-07-09,08:44:24,16:38:03
EMP032,2026-07-16,09:18:39,
EMP034,2026-07-17,08:54:03,16:43:45
EMP020,2026-07-03,08:26:58,18:08:15
EMP035,2026-07-09,09:10:44,17:24:52
EMP019,2026-07-04,08:14:32,18:09:24
EMP054,2026-07-11,09:24:35,18:31:51
EMP048,2026-07-07,09:03:56,18:01:41
EMP006,2026-07-15,08:39:22,18:32:59
EMP010,15-07-2026,08:51:36,17:21:16
EMP005,2026-07-07,08:36:25,17:09:42
EMP037,2026-07-10,09:20:39,17:27:45
EMP039,2026-07-08,08:02:56,16:08:26
EMP057,2026-07-27,08:27:54,17:57:16
EMP053,2026-07-22,08:39:18,17:17:25
EMP029,2026-07-21,08:41:41,16:24:35
EMP059,10-07-2026,08:04:52,16:06:41
EMP043,2026-07-10,09:13:34,
EMP059,2026-07-07,09:08:50,16:44:39
EMP060,2026-07-16,08:11:29,15:52:07
EMP052,2026-07-11,08:09:15,16:22:17
EMP044,2026-07-10,08:43:15,16:56:16
EMP011,2026-07-15,09:06:11,16:47:44
EMP003,2026-07-24,08:10:35,17:42:05
EMP035,2026-07-29,08:50:52,17:30:59
EMP026,2026-07-27,08:21:08,
EMP015,2026-07-14,09:21:18,17:25:24
EMP035,2026-07-11,08:36:24,17:35:21
EMP030,2026-07-15,08:52:41,17:25:42
EMP009,2026-07-21,09:24:02,17:31:21
EMP017,01-07-2026,09:25:25,18:08:26
EMP042,2026-07-30,08:11:21,16:13:29
EMP042,2026-07-01,08:35:33,16:34:32
EMP001,2026-07-15,09:27:47,17:23:36
EMP052,2026-07-09,08:53:51,17:55:36
EMP046,2026-07-18,08:28:13,17:17:01
EMP058,2026-07-09,08:39:08,16:48:46
EMP060,2026-07-21,08:43:57,17:14:44
EMP045,2026-07-17,09:21:23,17:12:58
EMP045,2026-07-27,09:20:28,19:13:18
EMP051,23-07-2026,09:11:01,17:56:52
EMP038,2026-07-10,08:07:39,17:07:08
EMP002,2026-07-30,08:37:46,17:18:36
EMP009,2026-07-02,08:34:59,17:40:17
EMP050,2026-07-30,08:35:38,17:06:17
EMP014,2026-07-09,08:23:21,16:38:07
EMP049,2026-07-29,08:50:24,16:25:48
EMP029,2026-07-13,08:55:37,17:53:18
EMP013,2026-07-21,08:25:19,18:04:06
EMP048,2026-07-08,09:23:28,
EMP039,01-07-2026,08:50:47,17:49:56
EMP058,2026-07-30,08:42:41,18:32:36
EMP014,2026-07-06,09:10:53,16:53:48
EMP023,2026-07-16,09:11:38,17:08:35
EMP041,2026-07-06,08:18:46,18:10:00
EMP015,2026-07-07,09:14:09,16:44:19
EMP011,2026-07-05,08:10:12,16:16:23
EMP038,2026-07-13,09:21:32,18:44:37
EMP034,2026-07-30,09:09:45,18:20:51
EMP048,2026-07-30,08:24:24,15:56:25
EMP001,2026-07-10,08:10:29,17:08:22
EMP017,2026-07-08,08:21:03,16:49:02
EMP042,2026-07-17,08:01:45,15:58:17
EMP051,2026-07-22,08:34:33,17:46:46
EMP044,2026-07-30,08:32:19,18:25:02
EMP033,2026-07-02,08:22:09,17:19:03
EMP020,2026-07-01,08:43:41,16:53:44
EMP012,2026-07-28,08:37:52,18:21:57
EMP015,2026-07-24,08:42:23,18:00:56
EMP033,2026-07-13,09:08:53,19:00:25
EMP022,2026-07-15,08:33:29,17:57:40
EMP030,2026-07-07,08:16:55,16:01:12
EMP003,16-07-2026,09:13:16,16:43:38
EMP003,2026-07-29,08:02:27,15:35:54
EMP055,2026-07-02,08:33:19,16:23:28
EMP053,2026-07-27,08:04:23,17:33:03
EMP035,2026-07-30,09:21:06,17:30:26
EMP027,2026-07-14,08:20:16,15:53:52
EMP025,2026-07-08,08:09:06,16:26:06
EMP042,2026-07-27,08:07:17,17:55:22
EMP003,2026-07-04,09:00:13,16:44:01
EMP035,2026-07-01,08:56:04,16:59:48
EMP009,2026-07-24,08:34:54,17:02:07
EMP041,2026-07-03,08:34:11,17:57:17
EMP001,2026-07-26,08:25:50,16:43:30
EMP029,2026-07-14,08:50:45,17:53:59
EMP055,2026-07-17,08:34:15,18:25:01
EMP027,2026-07-08,09:16:43,
EMP018,2026-07-27,09:12:53,17:39:28
EMP042,2026-07-21,09:25:22,19:15:12
EMP050,2026-07-20,08:31:06,16:39:26
EMP016,2026-07-19,08:40:37,18:28:08
EMP010,2026-07-20,09:08:58,17:10:24
EMP004,2026-07-09,09:03:56,18:41:00
EMP017,2026-07-05,08:59:08,16:48:21
EMP019,2026-07-20,09:16:36,17:52:30
EMP046,2026-07-30,09:26:17,17:43:39
EMP060,2026-07-08,09:18:34,19:01:48
EMP057,2026-07-09,09:25:21,17:43:26
EMP018,2026-07-06,08:33:54,18:04:33
EMP056,2026-07-16,09:17:09,18:04:02
EMP026,2026-07-29,08:32:31,17:29:28
EMP005,2026-07-03,08:59:51,18:00:48
EMP042,2026-07-28,09:09:22,16:43:33
EMP013,2026-07-08,08:23:01,17:39:18
EMP043,2026-07-03,08:23:31,15:55:19
EMP041,2026-07-07,08:59:04,18:04:35
EMP011,2026-07-08,08:04:04,17:51:38
EMP037,09-07-2026,08:37:40,17:48:14
EMP011,2026-07-02,08:58:22,18:51:37
EMP031,2026-07-02,08:00:56,
EMP028,2026-07-14,09:28:20,18:23:45
EMP007,2026-07-12,08:44:10,16:22:31
EMP058,2026-07-07,08:01:12,17:14:37
EMP021,09-07-2026,09:04:36,18:38:58
EMP041,2026-07-29,08:41:25,18:13:40
EMP044,2026-07-09,08:23:45,17:55:23
EMP003,2026-07-01,08:26:40,18:18:51
EMP036,24-07-2026,08:39:12,17:40:55
EMP051,2026-07-10,08:00:36,17:40:35
EMP022,2026-07-21,08:44:16,18:07:15
EMP025,2026-07-12,08:23:11,17:35:45
EMP056,2026-07-14,08:48:35,16:51:48
EMP011,2026-07-13,08:38:59,16:20:06
EMP019,2026-07-14,08:18:17,17:21:01
EMP060,2026-07-12,08:04:49,16:26:19
EMP033,2026-07-30,09:15:51,
EMP059,2026-07-15,08:31:31,16:25:03
EMP058,2026-07-03,08:07:40,16:27:40
EMP032,2026-07-10,08:20:32,
EMP002,2026-07-24,08:29:33,16:38:44
EMP019,2026-07-01,08:29:09,17:28:14
EMP036,2026-07-28,08:26:16,18:25:56
EMP024,2026-07-16,08:56:39,17:52:12
EMP053,2026-07-21,08:06:33,
EMP006,2026-07-09,09:29:30,17:01:57
EMP023,2026-07-14,08:32:25,17:52:52
EMP005,2026-07-09,08:36:37,17:15:26
EMP004,2026-07-01,09:07:45,18:07:44
EMP018,2026-07-02,08:23:59,16:31:49
EMP057,16-07-2026,08:55:10,18:53:16
EMP050,2026-07-16,08:28:37,16:18:32
EMP057,2026-07-21,09:12:09,17:45:19
EMP020,2026-07-21,08:38:53,17:07:12
EMP045,2026-07-20,08:57:43,17:43:20
EMP021,22-07-2026,09:00:46,18:17:45
EMP009,2026-07-27,09:26:30,18:18:51
EMP015,2026-07-17,08:14:31,16:25:06
EMP041,2026-07-22,08:30:08,16:53:49
EMP037,2026-07-07,08:26:21,16:23:39
EMP027,2026-07-23,08:45:53,17:24:06
EMP005,2026-07-25,08:45:58,18:03:17
EMP059,2026-07-16,09:00:56,17:34:01
EMP016,2026-07-10,08:53:34,17:48:13
EMP043,2026-07-02,08:32:33,16:13:59
EMP059,2026-07-29,08:21:36,16:58:42
EMP011,14-07-2026,08:08:50,16:30:22
EMP060,2026-07-20,08:44:30,16:15:31
EMP052,2026-07-16,08:53:19,18:25:03
EMP014,23-07-2026,08:52:28,18:06:59
EMP037,2026-07-06,08:19:09,15:50:00
EMP005,2026-07-22,08:22:49,16:47:30
EMP015,2026-07-02,08:58:45,16:59:09
EMP056,2026-07-01,09:25:24,18:51:11
EMP018,2026-07-29,08:37:15,16:33:33
EMP052,2026-07-03,09:22:13,18:49:16
EMP037,2026-07-22,08:29:01,17:55:17
EMP004,2026-07-20,08:56:49,18:51:55
EMP020,2026-07-26,08:26:36,17:01:15
EMP053,2026-07-14,08:17:08,16:53:07
EMP029,2026-07-03,09:03:28,
EMP055,2026-07-27,08:10:55,16:30:30
EMP041,2026-07-02,09:13:47,18:03:42
EMP056,2026-07-09,09:19:04,17:10:04
EMP006,2026-07-14,09:29:29,17:40:50
